-- MySQL Script generated by MySQL Workbench
-- Tue Apr  1 23:51:05 2025
-- Model: New Model    Version: 1.0
-- MySQL Workbench Forward Engineering

SET @OLD_UNIQUE_CHECKS=@@UNIQUE_CHECKS, UNIQUE_CHECKS=0;
SET @OLD_FOREIGN_KEY_CHECKS=@@FOREIGN_KEY_CHECKS, FOREIGN_KEY_CHECKS=0;
SET @OLD_SQL_MODE=@@SQL_MODE, SQL_MODE='ONLY_FULL_GROUP_BY,STRICT_TRANS_TABLES,NO_ZERO_IN_DATE,NO_ZERO_DATE,ERROR_FOR_DIVISION_BY_ZERO,NO_ENGINE_SUBSTITUTION';

-- -----------------------------------------------------
-- Schema mydb
-- -----------------------------------------------------
DROP SCHEMA IF EXISTS `mydb` ;

-- -----------------------------------------------------
-- Schema mydb
-- -----------------------------------------------------
CREATE SCHEMA IF NOT EXISTS `mydb` DEFAULT CHARACTER SET utf8 ;
USE `mydb` ;

-- -----------------------------------------------------
-- Table `mydb`.`municipality`
-- -----------------------------------------------------
DROP TABLE IF EXISTS `mydb`.`municipality` ;

CREATE TABLE IF NOT EXISTS `mydb`.`municipality` (
  `idmunicipality` INT NOT NULL AUTO_INCREMENT,
  `name` VARCHAR(45) NOT NULL,
  PRIMARY KEY (`idmunicipality`),
  UNIQUE INDEX `idmunicipality_UNIQUE` (`idmunicipality` ASC) VISIBLE,
  UNIQUE INDEX `name_UNIQUE` (`name` ASC) VISIBLE)
ENGINE = InnoDB
DEFAULT CHARACTER SET = utf8;


-- -----------------------------------------------------
-- Table `mydb`.`location`
-- -----------------------------------------------------
DROP TABLE IF EXISTS `mydb`.`location` ;

CREATE TABLE IF NOT EXISTS `mydb`.`location` (
  `idlocation` INT NOT NULL AUTO_INCREMENT,
  `name` VARCHAR(45) NOT NULL,
  `municipality_idmunicipality` INT NOT NULL,
  PRIMARY KEY (`idlocation`, `municipality_idmunicipality`),
  UNIQUE INDEX `idlocation_UNIQUE` (`idlocation` ASC) VISIBLE,
  UNIQUE INDEX `name_UNIQUE` (`name` ASC) VISIBLE,
  INDEX `fk_location_municipality_idx` (`municipality_idmunicipality` ASC) VISIBLE,
  CONSTRAINT `fk_location_municipality`
    FOREIGN KEY (`municipality_idmunicipality`)
    REFERENCES `mydb`.`municipality` (`idmunicipality`)
    ON DELETE NO ACTION
    ON UPDATE NO ACTION)
ENGINE = InnoDB
DEFAULT CHARACTER SET = utf8;


-- -----------------------------------------------------
-- Table `mydb`.`list`
-- -----------------------------------------------------
DROP TABLE IF EXISTS `mydb`.`list` ;

CREATE TABLE IF NOT EXISTS `mydb`.`list` (
  `idlist` INT NOT NULL AUTO_INCREMENT,
  PRIMARY KEY (`idlist`),
  UNIQUE INDEX `idlist_UNIQUE` (`idlist` ASC) VISIBLE)
ENGINE = InnoDB
DEFAULT CHARACTER SET = utf8;


-- -----------------------------------------------------
-- Table `mydb`.`project`
-- -----------------------------------------------------
DROP TABLE IF EXISTS `mydb`.`project` ;

CREATE TABLE IF NOT EXISTS `mydb`.`project` (
  `idproject` INT NOT NULL AUTO_INCREMENT,
  `name` VARCHAR(45) NOT NULL,
  `date_start` DATE NOT NULL,
  `date_end` DATE NULL,
  `location_idlocation` INT NOT NULL,
  `list_idlist` INT NOT NULL,
  PRIMARY KEY (`idproject`, `list_idlist`),
  UNIQUE INDEX `idproject_UNIQUE` (`idproject` ASC) VISIBLE,
  UNIQUE INDEX `name_UNIQUE` (`name` ASC) VISIBLE,
  INDEX `fk_project_location1_idx` (`location_idlocation` ASC) VISIBLE,
  INDEX `fk_project_list1_idx` (`list_idlist` ASC) VISIBLE,
  CONSTRAINT `fk_project_location1`
    FOREIGN KEY (`location_idlocation`)
    REFERENCES `mydb`.`location` (`idlocation`)
    ON DELETE NO ACTION
    ON UPDATE NO ACTION,
  CONSTRAINT `fk_project_list1`
    FOREIGN KEY (`list_idlist`)
    REFERENCES `mydb`.`list` (`idlist`)
    ON DELETE NO ACTION
    ON UPDATE NO ACTION)
ENGINE = InnoDB
DEFAULT CHARACTER SET = utf8;


-- -----------------------------------------------------
-- Table `mydb`.`vehicle`
-- -----------------------------------------------------
DROP TABLE IF EXISTS `mydb`.`vehicle` ;

CREATE TABLE IF NOT EXISTS `mydb`.`vehicle` (
  `idvehicle` INT NOT NULL AUTO_INCREMENT,
  `model` VARCHAR(45) NOT NULL,
  `plate` VARCHAR(7) NOT NULL,
  `date_itv` DATE NOT NULL,
  `state` ENUM('Listo', 'Inoperativo') NOT NULL,
  `location_idlocation` INT NOT NULL,
  PRIMARY KEY (`idvehicle`),
  UNIQUE INDEX `idvehicle_UNIQUE` (`idvehicle` ASC) VISIBLE,
  UNIQUE INDEX `plate_UNIQUE` (`plate` ASC) VISIBLE,
  INDEX `fk_vehicle_location1_idx` (`location_idlocation` ASC) VISIBLE,
  CONSTRAINT `fk_vehicle_location1`
    FOREIGN KEY (`location_idlocation`)
    REFERENCES `mydb`.`location` (`idlocation`)
    ON DELETE NO ACTION
    ON UPDATE NO ACTION)
ENGINE = InnoDB
DEFAULT CHARACTER SET = utf8;


-- -----------------------------------------------------
-- Table `mydb`.`subcategory`
-- -----------------------------------------------------
DROP TABLE IF EXISTS `mydb`.`subcategory` ;

CREATE TABLE IF NOT EXISTS `mydb`.`subcategory` (
  `idsubcategory` INT NOT NULL AUTO_INCREMENT,
  `name` VARCHAR(45) NOT NULL,
  PRIMARY KEY (`idsubcategory`),
  UNIQUE INDEX `idsubcategory_UNIQUE` (`idsubcategory` ASC) VISIBLE,
  UNIQUE INDEX `name_UNIQUE` (`name` ASC) VISIBLE)
ENGINE = InnoDB
DEFAULT CHARACTER SET = utf8;


-- -----------------------------------------------------
-- Table `mydb`.`material`
-- -----------------------------------------------------
DROP TABLE IF EXISTS `mydb`.`material` ;

CREATE TABLE IF NOT EXISTS `mydb`.`material` (
  `idmaterial` INT NOT NULL AUTO_INCREMENT,
  `name` VARCHAR(45) NOT NULL,
  `category` ENUM('Sonido', 'Iluminacion', 'Video', 'Otro') NOT NULL,
  `state` ENUM('Listo', 'Inoperativo') NOT NULL DEFAULT 'Listo',
  `notes` VARCHAR(120) NULL,
  `image` VARCHAR(60) NULL,
  `location_idlocation` INT NOT NULL DEFAULT 3,
  `subcategory_idsubcategory` INT NOT NULL,
  `vehicle_idvehicle` INT NULL,
  `project_state` ENUM('Cargado', 'Descargado', 'Preparacion') NOT NULL DEFAULT 'Preparacion',
  PRIMARY KEY (`idmaterial`),
  UNIQUE INDEX `idmaterial_UNIQUE` (`idmaterial` ASC) VISIBLE,
  INDEX `fk_material_location1_idx` (`location_idlocation` ASC) VISIBLE,
  INDEX `fk_material_subcategory1_idx` (`subcategory_idsubcategory` ASC) VISIBLE,
  INDEX `fk_material_vehicle1_idx` (`vehicle_idvehicle` ASC) VISIBLE,
  CONSTRAINT `fk_material_location1`
    FOREIGN KEY (`location_idlocation`)
    REFERENCES `mydb`.`location` (`idlocation`)
    ON DELETE NO ACTION
    ON UPDATE NO ACTION,
  CONSTRAINT `fk_material_subcategory1`
    FOREIGN KEY (`subcategory_idsubcategory`)
    REFERENCES `mydb`.`subcategory` (`idsubcategory`)
    ON DELETE NO ACTION
    ON UPDATE NO ACTION,
  CONSTRAINT `fk_material_vehicle1`
    FOREIGN KEY (`vehicle_idvehicle`)
    REFERENCES `mydb`.`vehicle` (`idvehicle`)
    ON DELETE NO ACTION
    ON UPDATE NO ACTION)
ENGINE = InnoDB
DEFAULT CHARACTER SET = utf8;


-- -----------------------------------------------------
-- Table `mydb`.`register`
-- -----------------------------------------------------
DROP TABLE IF EXISTS `mydb`.`register` ;

CREATE TABLE IF NOT EXISTS `mydb`.`register` (
  `idregister` INT NOT NULL AUTO_INCREMENT,
  `material_idmaterial` INT NOT NULL,
  `date` DATE NOT NULL,
  `type` ENUM('Cargado', 'Descargado') NULL,
  `location_idlocation` INT NOT NULL,
  `vehicle_idvehicle` INT NOT NULL,
  `project_idproject` INT NOT NULL,
  PRIMARY KEY (`idregister`),
  UNIQUE INDEX `idregister_UNIQUE` (`idregister` ASC) VISIBLE,
  INDEX `fk_register_material1_idx` (`material_idmaterial` ASC) VISIBLE,
  INDEX `fk_register_location1_idx` (`location_idlocation` ASC) VISIBLE,
  INDEX `fk_register_vehicle1_idx` (`vehicle_idvehicle` ASC) VISIBLE,
  INDEX `fk_register_project1_idx` (`project_idproject` ASC) VISIBLE,
  CONSTRAINT `fk_register_material1`
    FOREIGN KEY (`material_idmaterial`)
    REFERENCES `mydb`.`material` (`idmaterial`)
    ON DELETE NO ACTION
    ON UPDATE NO ACTION,
  CONSTRAINT `fk_register_location1`
    FOREIGN KEY (`location_idlocation`)
    REFERENCES `mydb`.`location` (`idlocation`)
    ON DELETE NO ACTION
    ON UPDATE NO ACTION,
  CONSTRAINT `fk_register_vehicle1`
    FOREIGN KEY (`vehicle_idvehicle`)
    REFERENCES `mydb`.`vehicle` (`idvehicle`)
    ON DELETE NO ACTION
    ON UPDATE NO ACTION,
  CONSTRAINT `fk_register_project1`
    FOREIGN KEY (`project_idproject`)
    REFERENCES `mydb`.`project` (`idproject`)
    ON DELETE NO ACTION
    ON UPDATE NO ACTION)
ENGINE = InnoDB
DEFAULT CHARACTER SET = utf8;


-- -----------------------------------------------------
-- Table `mydb`.`list_has_material`
-- -----------------------------------------------------
DROP TABLE IF EXISTS `mydb`.`list_has_material` ;

CREATE TABLE IF NOT EXISTS `mydb`.`list_has_material` (
  `list_idlist` INT NOT NULL,
  `material_idmaterial` INT NOT NULL,
  `vehicle_idvehicle` INT NULL,
  PRIMARY KEY (`list_idlist`, `material_idmaterial`),
  INDEX `fk_list_has_material_material1_idx` (`material_idmaterial` ASC) VISIBLE,
  INDEX `fk_list_has_material_list1_idx` (`list_idlist` ASC) VISIBLE,
  INDEX `fk_list_has_material_vehicle1_idx` (`vehicle_idvehicle` ASC) VISIBLE,
  CONSTRAINT `fk_list_has_material_list1`
    FOREIGN KEY (`list_idlist`)
    REFERENCES `mydb`.`list` (`idlist`)
    ON DELETE NO ACTION
    ON UPDATE NO ACTION,
  CONSTRAINT `fk_list_has_material_material1`
    FOREIGN KEY (`material_idmaterial`)
    REFERENCES `mydb`.`material` (`idmaterial`)
    ON DELETE NO ACTION
    ON UPDATE NO ACTION,
  CONSTRAINT `fk_list_has_material_vehicle1`
    FOREIGN KEY (`vehicle_idvehicle`)
    REFERENCES `mydb`.`vehicle` (`idvehicle`)
    ON DELETE NO ACTION
    ON UPDATE NO ACTION)
ENGINE = InnoDB
DEFAULT CHARACTER SET = utf8;


SET SQL_MODE=@OLD_SQL_MODE;
SET FOREIGN_KEY_CHECKS=@OLD_FOREIGN_KEY_CHECKS;
SET UNIQUE_CHECKS=@OLD_UNIQUE_CHECKS;

-- -----------------------------------------------------
-- Data for table `mydb`.`municipality`
-- -----------------------------------------------------
START TRANSACTION;
USE `mydb`;
INSERT INTO `mydb`.`municipality` (`idmunicipality`, `name`) VALUES (1, 'Puerto del Rosario');
INSERT INTO `mydb`.`municipality` (`idmunicipality`, `name`) VALUES (2, 'La oliva');
INSERT INTO `mydb`.`municipality` (`idmunicipality`, `name`) VALUES (3, 'Betancuria');
INSERT INTO `mydb`.`municipality` (`idmunicipality`, `name`) VALUES (4, 'Pajara');
INSERT INTO `mydb`.`municipality` (`idmunicipality`, `name`) VALUES (5, 'Antigua');
INSERT INTO `mydb`.`municipality` (`idmunicipality`, `name`) VALUES (6, 'Tuineje');

COMMIT;


-- -----------------------------------------------------
-- Data for table `mydb`.`location`
-- -----------------------------------------------------
START TRANSACTION;
USE `mydb`;
INSERT INTO `mydb`.`location` (`idlocation`, `name`, `municipality_idmunicipality`) VALUES (1, 'Auditorio', 1);
INSERT INTO `mydb`.`location` (`idlocation`, `name`, `municipality_idmunicipality`) VALUES (2, 'Auditorio La Raiz', 2);
INSERT INTO `mydb`.`location` (`idlocation`, `name`, `municipality_idmunicipality`) VALUES (3, 'Nave', 6);
INSERT INTO `mydb`.`location` (`idlocation`, `name`, `municipality_idmunicipality`) VALUES (4, 'Plaza Pescadores', 4);
INSERT INTO `mydb`.`location` (`idlocation`, `name`, `municipality_idmunicipality`) VALUES (5, 'Palacio F.C.', 1);
INSERT INTO `mydb`.`location` (`idlocation`, `name`, `municipality_idmunicipality`) VALUES (6, 'Recinto Ferial', 1);
INSERT INTO `mydb`.`location` (`idlocation`, `name`, `municipality_idmunicipality`) VALUES (7, 'Hotel rural', 3);
INSERT INTO `mydb`.`location` (`idlocation`, `name`, `municipality_idmunicipality`) VALUES (8, 'Polideportivo', 2);

COMMIT;


-- -----------------------------------------------------
-- Data for table `mydb`.`list`
-- -----------------------------------------------------
START TRANSACTION;
USE `mydb`;
INSERT INTO `mydb`.`list` (`idlist`) VALUES (1);
INSERT INTO `mydb`.`list` (`idlist`) VALUES (2);
INSERT INTO `mydb`.`list` (`idlist`) VALUES (3);

COMMIT;


-- -----------------------------------------------------
-- Data for table `mydb`.`project`
-- -----------------------------------------------------
START TRANSACTION;
USE `mydb`;
INSERT INTO `mydb`.`project` (`idproject`, `name`, `date_start`, `date_end`, `location_idlocation`, `list_idlist`) VALUES (1, 'Carnaval Corralejo 2025', '2025-02-17', NULL, 8, 1);
INSERT INTO `mydb`.`project` (`idproject`, `name`, `date_start`, `date_end`, `location_idlocation`, `list_idlist`) VALUES (2, 'Teatro Infantil', '2025-02-22', NULL, 3, 2);
INSERT INTO `mydb`.`project` (`idproject`, `name`, `date_start`, `date_end`, `location_idlocation`, `list_idlist`) VALUES (3, 'Gala radiofuer', '2025-03-06', NULL, 1, 3);

COMMIT;


-- -----------------------------------------------------
-- Data for table `mydb`.`vehicle`
-- -----------------------------------------------------
START TRANSACTION;
USE `mydb`;
INSERT INTO `mydb`.`vehicle` (`idvehicle`, `model`, `plate`, `date_itv`, `state`, `location_idlocation`) VALUES (1, 'Ford Transit', 'FBH3857', '2027-04-13', 'Listo', 3);
INSERT INTO `mydb`.`vehicle` (`idvehicle`, `model`, `plate`, `date_itv`, `state`, `location_idlocation`) VALUES (DEFAULT, 'Ford Truck', 'YUN3496', '2026-10-02', 'Listo', 3);
INSERT INTO `mydb`.`vehicle` (`idvehicle`, `model`, `plate`, `date_itv`, `state`, `location_idlocation`) VALUES (DEFAULT, 'Citroen Jumpy', 'BDK3900', '2028-07-28', 'Inoperativo', 3);

COMMIT;


-- -----------------------------------------------------
-- Data for table `mydb`.`subcategory`
-- -----------------------------------------------------
START TRANSACTION;
USE `mydb`;
INSERT INTO `mydb`.`subcategory` (`idsubcategory`, `name`) VALUES (1, 'Instrumento');
INSERT INTO `mydb`.`subcategory` (`idsubcategory`, `name`) VALUES (2, 'Microfonia');
INSERT INTO `mydb`.`subcategory` (`idsubcategory`, `name`) VALUES (3, 'Altavoz');
INSERT INTO `mydb`.`subcategory` (`idsubcategory`, `name`) VALUES (4, 'Mesa');
INSERT INTO `mydb`.`subcategory` (`idsubcategory`, `name`) VALUES (5, 'Foco');
INSERT INTO `mydb`.`subcategory` (`idsubcategory`, `name`) VALUES (6, 'Led');
INSERT INTO `mydb`.`subcategory` (`idsubcategory`, `name`) VALUES (7, 'Movil');
INSERT INTO `mydb`.`subcategory` (`idsubcategory`, `name`) VALUES (8, 'Recorte');
INSERT INTO `mydb`.`subcategory` (`idsubcategory`, `name`) VALUES (9, 'Pantalla');
INSERT INTO `mydb`.`subcategory` (`idsubcategory`, `name`) VALUES (10, 'Proyector');
INSERT INTO `mydb`.`subcategory` (`idsubcategory`, `name`) VALUES (11, 'Cableado');
INSERT INTO `mydb`.`subcategory` (`idsubcategory`, `name`) VALUES (12, 'Conversor');
INSERT INTO `mydb`.`subcategory` (`idsubcategory`, `name`) VALUES (13, 'Modulo Pantalla');

COMMIT;


-- -----------------------------------------------------
-- Data for table `mydb`.`material`
-- -----------------------------------------------------
START TRANSACTION;
USE `mydb`;
INSERT INTO `mydb`.`material` (`idmaterial`, `name`, `category`, `state`, `notes`, `image`, `location_idlocation`, `subcategory_idsubcategory`, `vehicle_idvehicle`, `project_state`) VALUES (1, 'Microfono sm80', 'Sonido', 'Listo', NULL, NULL, DEFAULT, 2, 1, DEFAULT);
INSERT INTO `mydb`.`material` (`idmaterial`, `name`, `category`, `state`, `notes`, `image`, `location_idlocation`, `subcategory_idsubcategory`, `vehicle_idvehicle`, `project_state`) VALUES (2, 'Pc', 'Iluminacion', DEFAULT, NULL, NULL, DEFAULT, 5, 1, DEFAULT);
INSERT INTO `mydb`.`material` (`idmaterial`, `name`, `category`, `state`, `notes`, `image`, `location_idlocation`, `subcategory_idsubcategory`, `vehicle_idvehicle`, `project_state`) VALUES (3, 'Samsung S85D', 'Video', DEFAULT, NULL, NULL, DEFAULT, 9, 1, DEFAULT);
INSERT INTO `mydb`.`material` (`idmaterial`, `name`, `category`, `state`, `notes`, `image`, `location_idlocation`, `subcategory_idsubcategory`, `vehicle_idvehicle`, `project_state`) VALUES (4, 'Led Bateria 1', 'Iluminacion', '', NULL, NULL, DEFAULT, 5, 1, DEFAULT);
INSERT INTO `mydb`.`material` (`idmaterial`, `name`, `category`, `state`, `notes`, `image`, `location_idlocation`, `subcategory_idsubcategory`, `vehicle_idvehicle`, `project_state`) VALUES (5, 'Led Bateria 2', 'Iluminacion', 'Inoperativo', NULL, NULL, DEFAULT, 5, 2, DEFAULT);
INSERT INTO `mydb`.`material` (`idmaterial`, `name`, `category`, `state`, `notes`, `image`, `location_idlocation`, `subcategory_idsubcategory`, `vehicle_idvehicle`, `project_state`) VALUES (6, 'Led Bateria 3', 'iluminacion', 'Inoperativo', NULL, NULL, DEFAULT, 5, 2, DEFAULT);
INSERT INTO `mydb`.`material` (`idmaterial`, `name`, `category`, `state`, `notes`, `image`, `location_idlocation`, `subcategory_idsubcategory`, `vehicle_idvehicle`, `project_state`) VALUES (7, 'craneal 1', 'Sonido', '', NULL, NULL, 1, 2, 2, DEFAULT);
INSERT INTO `mydb`.`material` (`idmaterial`, `name`, `category`, `state`, `notes`, `image`, `location_idlocation`, `subcategory_idsubcategory`, `vehicle_idvehicle`, `project_state`) VALUES (8, 'craneal 2', 'Sonido', DEFAULT, NULL, NULL, 5, 2, NULL, DEFAULT);
INSERT INTO `mydb`.`material` (`idmaterial`, `name`, `category`, `state`, `notes`, `image`, `location_idlocation`, `subcategory_idsubcategory`, `vehicle_idvehicle`, `project_state`) VALUES (9, 'craneal 3', 'Sonido', DEFAULT, NULL, NULL, 4, 2, NULL, DEFAULT);

COMMIT;


-- -----------------------------------------------------
-- Data for table `mydb`.`register`
-- -----------------------------------------------------
START TRANSACTION;
USE `mydb`;
INSERT INTO `mydb`.`register` (`idregister`, `material_idmaterial`, `date`, `type`, `location_idlocation`, `vehicle_idvehicle`, `project_idproject`) VALUES (1, 1, '2025-01-6', 'Cargado', 3, 1, 1);
INSERT INTO `mydb`.`register` (`idregister`, `material_idmaterial`, `date`, `type`, `location_idlocation`, `vehicle_idvehicle`, `project_idproject`) VALUES (2, 2, '2025-01-6', 'Cargado', 3, 1, 1);
INSERT INTO `mydb`.`register` (`idregister`, `material_idmaterial`, `date`, `type`, `location_idlocation`, `vehicle_idvehicle`, `project_idproject`) VALUES (3, 1, '2025-01-7', 'Descargado', 8, 1, 1);
INSERT INTO `mydb`.`register` (`idregister`, `material_idmaterial`, `date`, `type`, `location_idlocation`, `vehicle_idvehicle`, `project_idproject`) VALUES (4, 2, '2025-01-7', 'Descargado', 8, 1, 1);
INSERT INTO `mydb`.`register` (`idregister`, `material_idmaterial`, `date`, `type`, `location_idlocation`, `vehicle_idvehicle`, `project_idproject`) VALUES (5, 1, '2025-01-11', 'Cargado', 8, 2, 1);
INSERT INTO `mydb`.`register` (`idregister`, `material_idmaterial`, `date`, `type`, `location_idlocation`, `vehicle_idvehicle`, `project_idproject`) VALUES (6, 2, '2025-01-11', 'Cargado', 8, 2, 1);
INSERT INTO `mydb`.`register` (`idregister`, `material_idmaterial`, `date`, `type`, `location_idlocation`, `vehicle_idvehicle`, `project_idproject`) VALUES (7, 1, '2025-01-11', 'Descargado', 3, 2, 1);
INSERT INTO `mydb`.`register` (`idregister`, `material_idmaterial`, `date`, `type`, `location_idlocation`, `vehicle_idvehicle`, `project_idproject`) VALUES (8, 2, '2025-01-11', 'Descargado', 3, 2, 1);

COMMIT;


-- -----------------------------------------------------
-- Data for table `mydb`.`list_has_material`
-- -----------------------------------------------------
START TRANSACTION;
USE `mydb`;
INSERT INTO `mydb`.`list_has_material` (`list_idlist`, `material_idmaterial`, `vehicle_idvehicle`) VALUES (1, 1, NULL);
INSERT INTO `mydb`.`list_has_material` (`list_idlist`, `material_idmaterial`, `vehicle_idvehicle`) VALUES (1, 2, NULL);
INSERT INTO `mydb`.`list_has_material` (`list_idlist`, `material_idmaterial`, `vehicle_idvehicle`) VALUES (1, 3, NULL);

COMMIT;

